[
  {
    "value": "La comunidad del anillo",
    "synonyms": [
      "La comunidad del anillo"
    ]
  },
  {
    "value": "Cien años de soledad",
    "synonyms": [
      "Cien años de soledad"
    ]
  },
  {
    "value": "La casa de los espíritus",
    "synonyms": [
      "La casa de los espíritus"
    ]
  },
  {
    "value": "La metamorfosis",
    "synonyms": [
      "La metamorfosis"
    ]
  },
  {
    "value": "La muerte en Venecia",
    "synonyms": [
      "La muerte en Venecia"
    ]
  },
  {
    "value": "El guardián entre el centeno",
    "synonyms": [
      "El guardián entre el centeno"
    ]
  },
  {
    "value": "El extranjero",
    "synonyms": [
      "El extranjero"
    ]
  },
  {
    "value": "El código da Vinci",
    "synonyms": [
      "El código da Vinci"
    ]
  },
  {
    "value": "Sapiens: De animales a dioses",
    "synonyms": [
      "Sapiens: De animales a dioses"
    ]
  },
  {
    "value": "El origen de las especies",
    "synonyms": [
      "El origen de las especies"
    ]
  },
  {
    "value": "El hombre en busca de sentido",
    "synonyms": [
      "El hombre en busca de sentido"
    ]
  },
  {
    "value": "El arte de la guerra",
    "synonyms": [
      "El arte de la guerra"
    ]
  },
  {
    "value": "El príncipe",
    "synonyms": [
      "El príncipe"
    ]
  },
  {
    "value": "La divina comedia",
    "synonyms": [
      "La divina comedia"
    ]
  },
  {
    "value": "El Quijote",
    "synonyms": [
      "El Quijote"
    ]
  },
  {
    "value": "El Principito",
    "synonyms": [
      "El Principito"
    ]
  },
  {
    "value": "Harry Potter",
    "synonyms": [
      "Harry Potter"
    ]
  },
  {
    "value": "Las aventuras de Tom Sawyer",
    "synonyms": [
      "Las aventuras de Tom Sawyer"
    ]
  },
  {
    "value": "La isla del tesoro",
    "synonyms": [
      "La isla del tesoro"
    ]
  },
  {
    "value": "Pinocho",
    "synonyms": [
      "Pinocho"
    ]
  },
  {
    "value": "Alicia en el país de las maravillas",
    "synonyms": [
      "Alicia en el país de las maravillas"
    ]
  },
  {
    "value": "El mago de Oz",
    "synonyms": [
      "El mago de Oz"
    ]
  },
  {
    "value": "Peter Pan",
    "synonyms": [
      "Peter Pan"
    ]
  },
  {
    "value": "El libro de la selva",
    "synonyms": [
      "El libro de la selva"
    ]
  },
  {
    "value": "La vuelta la mundo en 80 días",
    "synonyms": [
      "La vuelta la mundo en 80 días"
    ]
  }
]