[
  {
    "value": "poesía",
    "synonyms": [
      "poesía",
      "poema"
    ]
  },
  {
    "value": "fantasía",
    "synonyms": [
      "fantasía"
    ]
  },
  {
    "value": "terror",
    "synonyms": [
      "terror"
    ]
  },
  {
    "value": "misterio",
    "synonyms": [
      "misterio",
      "policiaco"
    ]
  },
  {
    "value": "ciencia ficción",
    "synonyms": [
      "ciencia ficción",
      "cyberpunk",
      "odisea espacial"
    ]
  },
  {
    "value": "ensayo",
    "synonyms": [
      "ensayo"
    ]
  },
  {
    "value": "biografía",
    "synonyms": [
      "biografía",
      "autobiografía"
    ]
  },
  {
    "value": "novela histórica",
    "synonyms": [
      "novela histórica",
      "histórico",
      "historia"
    ]
  },
  {
    "value": "filosofía",
    "synonyms": [
      "filosofía"
    ]
  },
  {
    "value": "autoayuda",
    "synonyms": [
      "autoayuda"
    ]
  },
  {
    "value": "cocina",
    "synonyms": [
      "cocina",
      "nutrición"
    ]
  },
  {
    "value": "informática",
    "synonyms": [
      "informática"
    ]
  },
  {
    "value": "derecho",
    "synonyms": [
      "derecho"
    ]
  },
  {
    "value": "informática",
    "synonyms": [
      "informática"
    ]
  }
]